언론사,뉴스 헤드라인
시사저널,이낙연도 홍준표도 '손절'… '김문수표 빅텐트' 불발되나
JTBC,"""이재명 후보가 입고 다녀서"" 방탄복 입은 곽규택에…정청래 ""귀여우시네"" [현장영상]"
MBC,"민주당 ""지귀연 판사 '룸살롱 접대' 의혹‥재판서 즉각 배제해야"""
한국일보,'조희대 특검법' '대법관 최대 100명' 법안 국회 법사위 회부
매일경제,"“한국인과 중국인은 안 받습니다”…日 식당들, 줄줄이 국적 차별 ‘출입제한’"
YTN,"한국 남학생이 中서 불법 촬영 '덜미'…학교 측 ""고의 아냐"""
세계일보,“여보! 금리 뚝뚝 떨어져 안 되겠어…은행 갈아탑시다” [수민이가 궁금해요]
국민일보,"이재명 운동화, 프리미엄 붙어 가격 10배 껑충"
중앙일보,부사관이 女상관 모텔 끌고가 성폭행…실형에 항소하더니 결국
강원일보,"권영세, ‘정나미 떨어져 국힘 근처도 안간다’는 홍준표에 “타고난 인성은 어쩔 수 없나 보다” 작심 비판"
KBS,5억이 제 통장에 들어왔습니다…착오송금 대처법 [박대기의 핫클립]
조선일보,“20년 지기도 못 알아봐” 조지 클루니가 바이든 손절한 사연 알고보니…
